<?xml version="1.0" encoding="UTF-8"?>
<CustomField xmlns="http://soap.sforce.com/2006/04/metadata">
    <fullName>Category__c</fullName>
    <externalId>false</externalId>
    <label>Category</label>
    <required>false</required>
    <trackTrending>false</trackTrending>
    <type>Picklist</type>
    <valueSet>
        <restricted>true</restricted>
        <valueSetDefinition>
            <sorted>false</sorted>
            <value>
                <fullName>FSL</fullName>
                <default>false</default>
                <label>FSL</label>
            </value>
            <value>
                <fullName>SFDX</fullName>
                <default>false</default>
                <label>SFDX</label>
            </value>
            <value>
                <fullName>EA</fullName>
                <default>false</default>
                <label>EA</label>
            </value>
            <value>
                <fullName>Lightning</fullName>
                <default>false</default>
                <label>Lightning</label>
            </value>
        </valueSetDefinition>
    </valueSet>
</CustomField>
