<?xml version="1.0" encoding="UTF-8"?>
<CustomField xmlns="http://soap.sforce.com/2006/04/metadata">
    <fullName>Pillar_Types__c</fullName>
    <externalId>false</externalId>
    <label>Pillar Types</label>
    <required>false</required>
    <trackTrending>false</trackTrending>
    <type>Picklist</type>
    <valueSet>
        <restricted>true</restricted>
        <valueSetDefinition>
            <sorted>false</sorted>
            <value>
                <fullName>Service</fullName>
                <default>false</default>
                <label>Service</label>
            </value>
            <value>
                <fullName>Industry</fullName>
                <default>false</default>
                <label>Industry</label>
            </value>
            <value>
                <fullName>Performance</fullName>
                <default>false</default>
                <label>Performance</label>
            </value>
        </valueSetDefinition>
    </valueSet>
</CustomField>
